0,0,21,9,181,5450,0,0,0,0,0,1,0,0,0,0,0,0,0,0,0,0,8,8,0.00,0.00,0.00,0.00,1.00,0.00,0.00,9,9,1.00,0.00,0.11,0.00,0.00,0.00,0.00,0.00,0
0,0,21,9,239,486,0,0,0,0,0,1,0,0,0,0,0,0,0,0,0,0,8,8,0.00,0.00,0.00,0.00,1.00,0.00,0.00,19,19,1.00,0.00,0.05,0.00,0.00,0.00,0.00,0.00,0
0,0,21,9,235,1337,0,0,0,0,0,1,0,0,0,0,0,0,0,0,0,0,8,8,0.00,0.00,0.00,0.00,1.00,0.00,0.00,29,29,1.00,0.00,0.03,0.00,0.00,0.00,0.00,0.00,0
0,0,21,9,219,1337,0,0,0,0,0,1,0,0,0,0,0,0,0,0,0,0,6,6,0.00,0.00,0.00,0.00,1.00,0.00,0.00,39,39,1.00,0.00,0.03,0.00,0.00,0.00,0.00,0.00,0
0,0,21,9,217,2032,0,0,0,0,0,1,0,0,0,0,0,0,0,0,0,0,6,6,0.00,0.00,0.00,0.00,1.00,0.00,0.00,49,49,1.00,0.00,0.02,0.00,0.00,0.00,0.00,0.00,0
0,0,21,9,217,2032,0,0,0,0,0,1,0,0,0,0,0,0,0,0,0,0,6,6,0.00,0.00,0.00,0.00,1.00,0.00,0.00,59,59,1.00,0.00,0.02,0.00,0.00,0.00,0.00,0.00,0
0,0,21,9,212,1940,0,0,0,0,0,1,0,0,0,0,0,0,0,0,0,0,1,2,0.00,0.00,0.00,0.00,1.00,0.00,1.00,1,69,1.00,0.00,1.00,0.04,0.00,0.00,0.00,0.00,0
0,0,21,9,159,4087,0,0,0,0,0,1,0,0,0,0,0,0,0,0,0,0,5,5,0.00,0.00,0.00,0.00,1.00,0.00,0.00,11,79,1.00,0.00,0.09,0.04,0.00,0.00,0.00,0.00,0
0,0,21,9,210,151,0,0,0,0,0,1,0,0,0,0,0,0,0,0,0,0,8,8,0.00,0.00,0.00,0.00,1.00,0.00,0.00,8,89,1.00,0.00,0.12,0.04,0.00,0.00,0.00,0.00,0
0,0,21,9,212,786,0,0,0,1,0,1,0,0,0,0,0,0,0,0,0,0,8,8,0.00,0.00,0.00,0.00,1.00,0.00,0.00,8,99,1.00,0.00,0.12,0.05,0.00,0.00,0.00,0.00,0
0,0,21,9,210,624,0,0,0,0,0,1,0,0,0,0,0,0,0,0,0,0,18,18,0.00,0.00,0.00,0.00,1.00,0.00,0.00,18,109,1.00,0.00,0.06,0.05,0.00,0.00,0.00,0.00,0
0,0,21,9,177,1985,0,0,0,0,0,1,0,0,0,0,0,0,0,0,0,0,1,1,0.00,0.00,0.00,0.00,1.00,0.00,0.00,28,119,1.00,0.00,0.04,0.04,0.00,0.00,0.00,0.00,0
0,0,21,9,222,773,0,0,0,0,0,1,0,0,0,0,0,0,0,0,0,0,11,11,0.00,0.00,0.00,0.00,1.00,0.00,0.00,38,129,1.00,0.00,0.03,0.04,0.00,0.00,0.00,0.00,0
0,0,52,9,1517,325,0,0,0,0,0,1,0,0,0,0,0,0,0,0,0,0,1,2,0.00,0.00,0.00,0.00,1.00,0.00,1.00,101,221,0.96,0.02,0.01,0.01,0.00,0.00,0.00,0.00,0
3,0,52,9,1180,333,0,0,0,0,0,1,0,0,0,0,0,0,0,0,0,0,1,2,0.00,0.00,0.00,0.00,1.00,0.00,1.00,111,222,0.96,0.02,0.01,0.01,0.00,0.00,0.00,0.00,0
6,0,52,9,1828,326,0,0,0,0,0,1,0,0,0,0,0,0,0,0,0,0,1,2,0.00,0.00,0.00,0.00,1.00,0.00,1.00,121,225,0.96,0.02,0.01,0.01,0.00,0.00,0.00,0.00,0
0,0,15,9,11,140,0,0,0,0,0,0,0,0,0,0,0,0,0,0,0,0,1,1,0.00,0.00,0.00,0.00,1.00,0.00,0.00,131,13,0.05,0.02,0.01,0.15,0.00,0.00,0.00,0.00,0
3,0,52,9,1105,326,0,0,0,0,0,1,0,0,0,0,0,0,0,0,0,0,1,2,0.00,0.00,0.00,0.00,1.00,0.00,1.00,141,225,0.95,0.01,0.01,0.01,0.00,0.00,0.00,0.00,0
0,0,52,9,1191,325,0,0,0,0,0,1,0,0,0,0,0,0,0,0,0,0,1,1,0.00,0.00,0.00,0.00,1.00,0.00,0.00,151,226,0.95,0.01,0.01,0.01,0.00,0.00,0.00,0.00,0
0,0,52,9,2762,330,0,0,0,0,0,1,0,0,0,0,0,0,0,0,0,0,1,2,0.00,0.00,0.00,0.00,1.00,0.00,1.00,161,227,0.95,0.01,0.01,0.01,0.00,0.00,0.00,0.00,0
0,0,15,9,10,139,0,0,0,0,0,0,0,0,0,0,0,0,0,0,0,0,1,1,0.00,0.00,0.00,0.00,1.00,0.00,0.00,171,13,0.05,0.01,0.01,0.15,0.00,0.00,0.00,0.00,0
0,0,52,9,628,338,0,0,0,0,0,1,0,0,0,0,0,0,0,0,0,0,1,1,0.00,0.00,0.00,0.00,1.00,0.00,0.00,6,229,1.00,0.00,0.17,0.01,0.00,0.00,0.00,0.00,0
0,0,52,9,4875,328,0,0,0,0,0,1,0,0,0,0,0,0,0,0,0,0,1,1,0.00,0.00,0.00,0.00,1.00,0.00,0.00,16,232,1.00,0.00,0.06,0.01,0.00,0.00,0.00,0.00,0
1,0,52,9,1379,403,0,0,0,0,0,1,0,0,0,0,0,0,0,0,0,0,1,3,0.00,0.00,0.00,0.00,1.00,0.00,1.00,26,233,0.96,0.08,0.04,0.01,0.00,0.00,0.00,0.00,0
1,0,52,9,981,334,0,0,0,0,0,1,0,0,0,0,0,0,0,0,0,0,1,3,0.00,0.00,0.00,0.00,1.00,0.00,1.00,36,236,0.97,0.06,0.03,0.01,0.00,0.00,0.00,0.00,0
0,0,52,9,1625,329,0,0,0,0,0,1,0,0,0,0,0,0,0,0,0,0,1,2,0.00,0.00,0.00,0.00,1.00,0.00,1.00,46,237,0.98,0.04,0.02,0.01,0.00,0.00,0.00,0.00,0
0,0,52,9,2269,333,0,0,0,0,0,1,0,0,0,0,0,0,0,0,0,0,2,2,0.00,0.00,0.00,0.00,1.00,0.00,0.00,56,239,0.96,0.04,0.02,0.01,0.00,0.00,0.00,0.00,0
0,0,52,9,1028,338,0,0,0,0,0,1,0,0,0,0,0,0,0,0,0,0,1,1,0.00,0.00,0.00,0.00,1.00,0.00,0.00,66,241,0.97,0.03,0.02,0.01,0.00,0.00,0.00,0.00,0
7,0,52,9,723,334,0,0,0,0,0,1,0,0,0,0,0,0,0,0,0,0,1,3,0.00,0.00,0.00,0.00,1.00,0.00,1.00,76,243,0.96,0.03,0.01,0.01,0.00,0.00,0.00,0.00,0
2,0,52,9,1281,333,0,0,0,0,0,1,0,0,0,0,0,0,0,0,0,0,1,3,0.00,0.00,0.00,0.00,1.00,0.00,1.00,86,244,0.97,0.02,0.01,0.01,0.00,0.00,0.00,0.00,0
29,0,15,9,9,141,0,0,0,0,0,0,0,0,0,0,0,0,0,0,0,0,1,1,0.00,0.00,0.00,0.00,1.00,0.00,0.00,96,12,0.04,0.02,0.01,0.17,0.00,0.00,0.00,0.00,0
2,0,52,9,3222,369,0,0,0,0,0,1,0,0,0,0,0,0,0,0,0,0,1,1,0.00,0.00,0.00,0.00,1.00,0.00,0.00,106,243,0.96,0.02,0.01,0.01,0.00,0.00,0.00,0.00,0
4,0,52,9,1735,330,0,0,0,0,0,1,0,0,0,0,0,0,0,0,0,0,1,1,0.00,0.00,0.00,0.00,1.00,0.00,0.00,116,243,0.97,0.02,0.01,0.01,0.00,0.00,0.00,0.00,0
5,0,52,9,1353,338,0,0,0,0,0,1,0,0,0,0,0,0,0,0,0,0,1,1,0.00,0.00,0.00,0.00,1.00,0.00,0.00,126,242,0.95,0.02,0.01,0.01,0.00,0.00,0.00,0.00,0
9,0,52,9,1829,331,0,0,0,0,0,1,0,0,0,0,0,0,0,0,0,0,1,1,0.00,0.00,0.00,0.00,1.00,0.00,0.00,136,242,0.96,0.01,0.01,0.01,0.00,0.00,0.00,0.00,0
6,0,52,9,2737,404,0,0,0,0,0,1,0,0,0,0,0,0,0,0,0,0,1,1,0.00,0.00,0.00,0.00,1.00,0.00,0.00,146,244,0.96,0.01,0.01,0.01,0.00,0.00,0.00,0.00,0
3,0,52,9,1123,373,0,0,0,0,0,1,0,0,0,0,0,0,0,0,0,0,1,2,0.00,0.00,0.00,0.00,1.00,0.00,1.00,156,244,0.96,0.01,0.01,0.01,0.00,0.00,0.00,0.00,0
3,0,52,9,1526,330,0,0,0,0,0,1,0,0,0,0,0,0,0,0,0,0,1,2,0.00,0.00,0.00,0.00,1.00,0.00,1.00,166,244,0.96,0.01,0.01,0.01,0.00,0.00,0.00,0.00,0
1,0,52,9,3486,364,0,0,0,0,0,1,0,0,0,0,0,0,0,0,0,0,1,3,0.00,0.00,0.00,0.00,1.00,0.00,1.00,176,244,0.97,0.01,0.01,0.01,0.00,0.00,0.00,0.00,0
0,0,52,9,1064,331,0,0,0,0,0,1,0,0,0,0,0,0,0,0,0,0,1,2,0.00,0.00,0.00,0.00,1.00,0.00,1.00,186,244,0.97,0.01,0.01,0.01,0.00,0.00,0.00,0.00,0
1,0,52,9,1193,334,0,0,0,0,0,1,0,0,0,0,0,0,0,0,0,0,1,3,0.00,0.00,0.00,0.00,1.00,0.00,1.00,196,245,0.97,0.01,0.01,0.01,0.00,0.00,0.00,0.00,0
1,0,52,9,1088,328,0,0,0,0,0,1,0,0,0,0,0,0,0,0,0,0,1,4,0.00,0.00,0.00,0.00,1.00,0.00,1.00,7,244,0.86,0.29,0.14,0.01,0.00,0.00,0.00,0.00,0
0,0,52,9,915,327,0,0,0,0,0,1,0,0,0,0,0,0,0,0,0,0,1,1,0.00,0.00,0.00,0.00,1.00,0.00,0.00,17,245,0.88,0.12,0.06,0.01,0.00,0.00,0.00,0.00,0
0,0,52,9,1271,372,0,0,0,0,0,1,0,0,0,0,0,0,0,0,0,0,1,1,0.00,0.00,0.00,0.00,1.00,0.00,0.00,27,244,0.89,0.07,0.04,0.01,0.00,0.00,0.00,0.00,0
1,0,52,9,2804,332,0,0,0,0,0,1,0,0,0,0,0,0,0,0,0,0,1,3,0.00,0.00,0.00,0.00,1.00,0.00,1.00,37,245,0.92,0.05,0.03,0.01,0.00,0.00,0.00,0.00,0
0,0,52,9,1705,330,0,0,0,0,0,1,0,0,0,0,0,0,0,0,0,0,1,1,0.00,0.00,0.00,0.00,1.00,0.00,0.00,47,245,0.94,0.04,0.02,0.01,0.00,0.00,0.00,0.00,0
0,0,52,9,1095,329,0,0,0,0,0,1,0,0,0,0,0,0,0,0,0,0,1,2,0.00,0.00,0.00,0.00,1.00,0.00,1.00,57,246,0.95,0.04,0.02,0.01,0.00,0.00,0.00,0.00,0
1,0,52,9,1039,447,0,0,0,0,0,1,0,0,0,0,0,0,0,0,0,0,1,2,0.00,0.00,0.00,0.00,1.00,0.00,1.00,67,246,0.96,0.03,0.01,0.01,0.00,0.00,0.00,0.00,0
1,0,52,9,867,331,0,0,0,0,0,1,0,0,0,0,0,0,0,0,0,0,1,3,0.00,0.00,0.00,0.00,1.00,0.00,1.00,77,245,0.95,0.03,0.01,0.01,0.00,0.00,0.00,0.00,0
0,0,52,9,1398,328,0,0,0,0,0,1,0,0,0,0,0,0,0,0,0,0,1,1,0.00,0.00,0.00,0.00,1.00,0.00,0.00,87,246,0.95,0.02,0.01,0.01,0.00,0.00,0.00,0.00,0
0,0,52,9,1656,329,0,0,0,0,0,1,0,0,0,0,0,0,0,0,0,0,1,1,0.00,0.00,0.00,0.00,1.00,0.00,0.00,97,245,0.95,0.02,0.01,0.01,0.00,0.00,0.00,0.00,0
0,0,15,9,8,611,0,0,0,0,0,0,0,0,0,0,0,0,0,0,0,0,1,1,0.00,0.00,0.00,0.00,1.00,0.00,0.00,107,11,0.06,0.02,0.01,0.18,0.00,0.00,0.00,0.00,0
0,0,52,9,12748,1430,0,0,0,0,0,1,0,0,0,0,0,0,0,0,0,0,1,1,0.00,0.00,0.00,0.00,1.00,0.00,0.00,117,245,0.95,0.02,0.01,0.01,0.00,0.00,0.00,0.00,0
1,0,52,9,1396,326,0,0,0,0,0,1,0,0,0,0,0,0,0,0,0,0,1,2,0.00,0.00,0.00,0.00,1.00,0.00,1.00,127,245,0.95,0.02,0.01,0.01,0.00,0.00,0.00,0.00,0
3,0,52,9,1049,331,0,0,0,0,0,1,0,0,0,0,0,0,0,0,0,0,1,1,0.00,0.00,0.00,0.00,1.00,0.00,0.00,137,246,0.96,0.01,0.01,0.01,0.00,0.00,0.00,0.00,0
0,0,52,9,1566,329,0,0,0,0,0,1,0,0,0,0,0,0,0,0,0,0,1,1,0.00,0.00,0.00,0.00,1.00,0.00,0.00,147,246,0.96,0.01,0.01,0.01,0.00,0.00,0.00,0.00,0
0,0,52,9,1236,329,0,0,0,0,0,1,0,0,0,0,0,0,0,0,0,0,1,2,0.00,0.00,0.00,0.00,1.00,0.00,1.00,157,245,0.95,0.02,0.01,0.01,0.00,0.00,0.00,0.00,0
0,0,52,9,1548,332,0,0,0,0,0,1,0,0,0,0,0,0,0,0,0,0,1,1,0.00,0.00,0.00,0.00,1.00,0.00,0.00,167,245,0.95,0.02,0.01,0.01,0.00,0.00,0.00,0.00,0
1,0,52,9,1195,331,0,0,0,0,0,1,0,0,0,0,0,0,0,0,0,0,1,4,0.00,0.00,0.00,0.00,1.00,0.00,1.00,177,246,0.95,0.02,0.01,0.01,0.00,0.00,0.00,0.00,0
0,0,52,9,747,503,0,0,0,0,0,1,0,0,0,0,0,0,0,0,0,0,1,1,0.00,0.00,0.00,0.00,1.00,0.00,0.00,8,247,1.00,0.00,0.12,0.01,0.00,0.00,0.00,0.00,0
0,0,52,9,1018,490,0,0,0,0,0,1,0,0,0,0,0,0,0,0,0,0,1,3,0.00,0.00,0.00,0.00,1.00,0.00,1.00,18,246,0.94,0.11,0.06,0.01,0.00,0.00,0.00,0.00,0
0,0,52,9,1070,494,0,0,0,0,0,1,0,0,0,0,0,0,0,0,0,0,2,3,0.00,0.00,0.00,0.00,0.50,1.00,1.00,28,245,0.93,0.07,0.04,0.01,0.00,0.00,0.00,0.00,0
0,0,52,9,753,496,0,0,0,0,0,1,0,0,0,0,0,0,0,0,0,0,1,1,0.00,0.00,0.00,0.00,1.00,0.00,0.00,38,245,0.95,0.05,0.03,0.01,0.00,0.00,0.00,0.00,0
0,0,52,9,616,489,0,0,0,0,0,1,0,0,0,0,0,0,0,0,0,0,1,2,0.00,0.00,0.00,0.00,1.00,0.00,1.00,48,244,0.94,0.04,0.02,0.01,0.00,0.00,0.00,0.00,0
0,0,52,9,2141,693,0,0,0,0,0,1,0,0,0,0,0,0,0,0,0,0,1,4,0.00,0.00,0.00,0.00,1.00,0.00,1.00,58,244,0.95,0.03,0.02,0.01,0.00,0.00,0.00,0.00,0
0,0,52,9,6210,488,0,0,0,0,0,1,0,0,0,0,0,0,0,0,0,0,1,1,0.00,0.00,0.00,0.00,1.00,0.00,0.00,68,244,0.96,0.03,0.01,0.01,0.00,0.00,0.00,0.00,0
0,0,52,9,1151,543,0,0,0,0,0,1,0,0,0,0,0,0,0,0,0,0,2,1,0.00,0.00,0.00,0.00,0.50,1.00,0.00,78,244,0.95,0.03,0.01,0.01,0.00,0.00,0.00,0.00,0
0,0,52,9,811,499,0,0,0,0,0,1,0,0,0,0,0,0,0,0,0,0,1,1,0.00,0.00,0.00,0.00,1.00,0.00,0.00,88,243,0.94,0.02,0.01,0.01,0.00,0.00,0.00,0.00,0
3,0,52,9,5208,501,0,0,0,0,0,1,0,0,0,0,0,0,0,0,0,0,1,1,0.00,0.00,0.00,0.00,1.00,0.00,0.00,98,244,0.94,0.02,0.01,0.01,0.00,0.00,0.00,0.00,0
0,0,52,9,1889,488,0,0,0,0,0,1,0,0,0,0,0,0,0,0,0,0,1,5,0.00,0.00,0.00,0.00,1.00,0.00,1.00,108,244,0.94,0.02,0.01,0.01,0.00,0.00,0.00,0.00,0
0,0,52,9,1579,593,0,0,0,0,0,1,0,0,0,0,0,0,0,0,0,0,1,1,0.00,0.00,0.00,0.00,1.00,0.00,0.00,118,244,0.95,0.02,0.01,0.01,0.00,0.00,0.00,0.00,0
0,0,52,9,1000,494,0,0,0,0,0,1,0,0,0,0,0,0,0,0,0,0,1,1,0.00,0.00,0.00,0.00,1.00,0.00,0.00,128,244,0.95,0.02,0.01,0.01,0.00,0.00,0.00,0.00,0
1,0,52,9,950,493,0,0,0,0,0,1,0,0,0,0,0,0,0,0,0,0,2,1,0.00,0.00,0.00,0.00,0.50,1.00,0.00,138,243,0.95,0.01,0.01,0.01,0.00,0.00,0.00,0.00,0
0,2,12,9,1032,0,0,0,0,0,0,0,0,0,0,0,0,0,0,0,0,0,316,316,0.00,0.00,0.00,0.00,1.00,0.00,0.00,148,3,0.02,0.02,0.02,0.00,0.00,0.00,0.00,0.00,5
0,2,12,9,1032,0,0,0,0,0,0,0,0,0,0,0,0,0,0,0,0,0,511,511,0.00,0.00,0.00,0.00,1.00,0.00,0.00,158,13,0.08,0.02,0.08,0.00,0.00,0.00,0.00,0.00,5
0,2,12,9,1032,0,0,0,0,0,0,0,0,0,0,0,0,0,0,0,0,0,511,511,0.00,0.00,0.00,0.00,1.00,0.00,0.00,168,23,0.14,0.02,0.14,0.00,0.00,0.00,0.00,0.00,5
0,2,12,9,1032,0,0,0,0,0,0,0,0,0,0,0,0,0,0,0,0,0,510,510,0.00,0.00,0.00,0.00,1.00,0.00,0.00,178,33,0.19,0.02,0.19,0.00,0.00,0.00,0.00,0.00,5
0,2,12,9,1032,0,0,0,0,0,0,0,0,0,0,0,0,0,0,0,0,0,509,509,0.00,0.00,0.00,0.00,1.00,0.00,0.00,188,43,0.23,0.02,0.23,0.00,0.00,0.00,0.00,0.00,5
0,2,12,9,1032,0,0,0,0,0,0,0,0,0,0,0,0,0,0,0,0,0,511,511,0.00,0.00,0.00,0.00,1.00,0.00,0.00,198,53,0.27,0.02,0.27,0.00,0.00,0.00,0.00,0.00,5
0,2,12,9,1032,0,0,0,0,0,0,0,0,0,0,0,0,0,0,0,0,0,511,511,0.00,0.00,0.00,0.00,1.00,0.00,0.00,208,63,0.30,0.01,0.30,0.00,0.00,0.00,0.00,0.00,5
0,2,12,9,1032,0,0,0,0,0,0,0,0,0,0,0,0,0,0,0,0,0,509,509,0.00,0.00,0.00,0.00,1.00,0.00,0.00,218,73,0.33,0.01,0.33,0.00,0.00,0.00,0.00,0.00,5
0,2,12,9,1032,0,0,0,0,0,0,0,0,0,0,0,0,0,0,0,0,0,511,511,0.00,0.00,0.00,0.00,1.00,0.00,0.00,228,83,0.36,0.01,0.36,0.00,0.00,0.00,0.00,0.00,5
0,2,12,9,1032,0,0,0,0,0,0,0,0,0,0,0,0,0,0,0,0,0,511,511,0.00,0.00,0.00,0.00,1.00,0.00,0.00,238,93,0.39,0.01,0.39,0.00,0.00,0.00,0.00,0.00,5
0,2,12,9,1032,0,0,0,0,0,0,0,0,0,0,0,0,0,0,0,0,0,511,511,0.00,0.00,0.00,0.00,1.00,0.00,0.00,248,103,0.42,0.01,0.42,0.00,0.00,0.00,0.00,0.00,5
0,2,12,9,1032,0,0,0,0,0,0,0,0,0,0,0,0,0,0,0,0,0,511,511,0.00,0.00,0.00,0.00,1.00,0.00,0.00,255,113,0.44,0.01,0.44,0.00,0.00,0.00,0.00,0.00,5
0,2,12,9,1032,0,0,0,0,0,0,0,0,0,0,0,0,0,0,0,0,0,511,511,0.00,0.00,0.00,0.00,1.00,0.00,0.00,255,123,0.48,0.01,0.48,0.00,0.00,0.00,0.00,0.00,5
0,2,12,9,1032,0,0,0,0,0,0,0,0,0,0,0,0,0,0,0,0,0,511,511,0.00,0.00,0.00,0.00,1.00,0.00,0.00,255,133,0.52,0.01,0.52,0.00,0.00,0.00,0.00,0.00,5
0,2,12,9,1032,0,0,0,0,0,0,0,0,0,0,0,0,0,0,0,0,0,511,511,0.00,0.00,0.00,0.00,1.00,0.00,0.00,255,143,0.56,0.01,0.56,0.00,0.00,0.00,0.00,0.00,5
0,2,12,9,1032,0,0,0,0,0,0,0,0,0,0,0,0,0,0,0,0,0,511,511,0.00,0.00,0.00,0.00,1.00,0.00,0.00,255,153,0.60,0.01,0.60,0.00,0.00,0.00,0.00,0.00,5
0,2,12,9,1032,0,0,0,0,0,0,0,0,0,0,0,0,0,0,0,0,0,511,511,0.00,0.00,0.00,0.00,1.00,0.00,0.00,255,163,0.64,0.01,0.64,0.00,0.00,0.00,0.00,0.00,5
0,2,12,9,1032,0,0,0,0,0,0,0,0,0,0,0,0,0,0,0,0,0,511,511,0.00,0.00,0.00,0.00,1.00,0.00,0.00,255,173,0.68,0.01,0.68,0.00,0.00,0.00,0.00,0.00,5
0,2,12,9,1032,0,0,0,0,0,0,0,0,0,0,0,0,0,0,0,0,0,511,511,0.00,0.00,0.00,0.00,1.00,0.00,0.00,255,183,0.72,0.01,0.72,0.00,0.00,0.00,0.00,0.00,5
0,2,12,9,1032,0,0,0,0,0,0,0,0,0,0,0,0,0,0,0,0,0,511,511,0.00,0.00,0.00,0.00,1.00,0.00,0.00,255,193,0.76,0.01,0.76,0.00,0.00,0.00,0.00,0.00,5
0,2,12,9,1032,0,0,0,0,0,0,0,0,0,0,0,0,0,0,0,0,0,511,511,0.00,0.00,0.00,0.00,1.00,0.00,0.00,255,203,0.80,0.01,0.80,0.00,0.00,0.00,0.00,0.00,5
0,2,12,9,1032,0,0,0,0,0,0,0,0,0,0,0,0,0,0,0,0,0,511,511,0.00,0.00,0.00,0.00,1.00,0.00,0.00,255,213,0.84,0.01,0.84,0.00,0.00,0.00,0.00,0.00,5
0,2,12,9,1032,0,0,0,0,0,0,0,0,0,0,0,0,0,0,0,0,0,511,511,0.00,0.00,0.00,0.00,1.00,0.00,0.00,255,223,0.87,0.01,0.87,0.00,0.00,0.00,0.00,0.00,5
0,2,12,9,1032,0,0,0,0,0,0,0,0,0,0,0,0,0,0,0,0,0,511,511,0.00,0.00,0.00,0.00,1.00,0.00,0.00,255,233,0.91,0.01,0.91,0.00,0.00,0.00,0.00,0.00,5
0,2,12,9,1032,0,0,0,0,0,0,0,0,0,0,0,0,0,0,0,0,0,511,511,0.00,0.00,0.00,0.00,1.00,0.00,0.00,255,243,0.95,0.01,0.95,0.00,0.00,0.00,0.00,0.00,5
0,2,12,9,1032,0,0,0,0,0,0,0,0,0,0,0,0,0,0,0,0,0,511,511,0.00,0.00,0.00,0.00,1.00,0.00,0.00,255,253,0.99,0.01,0.99,0.00,0.00,0.00,0.00,0.00,5
0,2,12,9,1032,0,0,0,0,0,0,0,0,0,0,0,0,0,0,0,0,0,511,511,0.00,0.00,0.00,0.00,1.00,0.00,0.00,255,255,1.00,0.00,1.00,0.00,0.00,0.00,0.00,0.00,5
0,2,12,9,1032,0,0,0,0,0,0,0,0,0,0,0,0,0,0,0,0,0,511,511,0.00,0.00,0.00,0.00,1.00,0.00,0.00,255,255,1.00,0.00,1.00,0.00,0.00,0.00,0.00,0.00,5
0,2,12,9,1032,0,0,0,0,0,0,0,0,0,0,0,0,0,0,0,0,0,511,511,0.00,0.00,0.00,0.00,1.00,0.00,0.00,255,255,1.00,0.00,1.00,0.00,0.00,0.00,0.00,0.00,5
0,2,12,9,1032,0,0,0,0,0,0,0,0,0,0,0,0,0,0,0,0,0,511,511,0.00,0.00,0.00,0.00,1.00,0.00,0.00,255,255,1.00,0.00,1.00,0.00,0.00,0.00,0.00,0.00,5
0,2,12,9,1032,0,0,0,0,0,0,0,0,0,0,0,0,0,0,0,0,0,511,511,0.00,0.00,0.00,0.00,1.00,0.00,0.00,255,255,1.00,0.00,1.00,0.00,0.00,0.00,0.00,0.00,5
0,2,12,9,1032,0,0,0,0,0,0,0,0,0,0,0,0,0,0,0,0,0,511,511,0.00,0.00,0.00,0.00,1.00,0.00,0.00,255,255,1.00,0.00,1.00,0.00,0.00,0.00,0.00,0.00,5
0,2,12,9,1032,0,0,0,0,0,0,0,0,0,0,0,0,0,0,0,0,0,511,511,0.00,0.00,0.00,0.00,1.00,0.00,0.00,255,255,1.00,0.00,1.00,0.00,0.00,0.00,0.00,0.00,5
0,2,12,9,1032,0,0,0,0,0,0,0,0,0,0,0,0,0,0,0,0,0,511,511,0.00,0.00,0.00,0.00,1.00,0.00,0.00,255,255,1.00,0.00,1.00,0.00,0.00,0.00,0.00,0.00,5
0,2,12,9,1032,0,0,0,0,0,0,0,0,0,0,0,0,0,0,0,0,0,511,511,0.00,0.00,0.00,0.00,1.00,0.00,0.00,255,255,1.00,0.00,1.00,0.00,0.00,0.00,0.00,0.00,5
0,2,12,9,1032,0,0,0,0,0,0,0,0,0,0,0,0,0,0,0,0,0,511,511,0.00,0.00,0.00,0.00,1.00,0.00,0.00,255,255,1.00,0.00,1.00,0.00,0.00,0.00,0.00,0.00,5
0,2,12,9,1032,0,0,0,0,0,0,0,0,0,0,0,0,0,0,0,0,0,511,511,0.00,0.00,0.00,0.00,1.00,0.00,0.00,255,255,1.00,0.00,1.00,0.00,0.00,0.00,0.00,0.00,5
0,2,12,9,1032,0,0,0,0,0,0,0,0,0,0,0,0,0,0,0,0,0,511,511,0.00,0.00,0.00,0.00,1.00,0.00,0.00,255,255,1.00,0.00,1.00,0.00,0.00,0.00,0.00,0.00,5
0,2,12,9,1032,0,0,0,0,0,0,0,0,0,0,0,0,0,0,0,0,0,511,511,0.00,0.00,0.00,0.00,1.00,0.00,0.00,255,255,1.00,0.00,1.00,0.00,0.00,0.00,0.00,0.00,5
0,2,12,9,1032,0,0,0,0,0,0,0,0,0,0,0,0,0,0,0,0,0,511,511,0.00,0.00,0.00,0.00,1.00,0.00,0.00,255,255,1.00,0.00,1.00,0.00,0.00,0.00,0.00,0.00,5
0,2,12,9,1032,0,0,0,0,0,0,0,0,0,0,0,0,0,0,0,0,0,511,511,0.00,0.00,0.00,0.00,1.00,0.00,0.00,255,255,1.00,0.00,1.00,0.00,0.00,0.00,0.00,0.00,5
0,2,12,9,1032,0,0,0,0,0,0,0,0,0,0,0,0,0,0,0,0,0,511,511,0.00,0.00,0.00,0.00,1.00,0.00,0.00,255,255,1.00,0.00,1.00,0.00,0.00,0.00,0.00,0.00,5
0,2,12,9,1032,0,0,0,0,0,0,0,0,0,0,0,0,0,0,0,0,0,509,509,0.00,0.00,0.00,0.00,1.00,0.00,0.00,255,255,1.00,0.00,1.00,0.00,0.00,0.00,0.00,0.00,5
0,2,12,9,1032,0,0,0,0,0,0,0,0,0,0,0,0,0,0,0,0,0,511,511,0.00,0.00,0.00,0.00,1.00,0.00,0.00,255,255,1.00,0.00,1.00,0.00,0.00,0.00,0.00,0.00,5
0,2,12,9,1032,0,0,0,0,0,0,0,0,0,0,0,0,0,0,0,0,0,511,511,0.00,0.00,0.00,0.00,1.00,0.00,0.00,255,255,1.00,0.00,1.00,0.00,0.00,0.00,0.00,0.00,5
0,2,12,9,1032,0,0,0,0,0,0,0,0,0,0,0,0,0,0,0,0,0,511,511,0.00,0.00,0.00,0.00,1.00,0.00,0.00,255,255,1.00,0.00,1.00,0.00,0.00,0.00,0.00,0.00,5
0,2,12,9,1032,0,0,0,0,0,0,0,0,0,0,0,0,0,0,0,0,0,511,511,0.00,0.00,0.00,0.00,1.00,0.00,0.00,255,255,1.00,0.00,1.00,0.00,0.00,0.00,0.00,0.00,5
0,2,12,9,1032,0,0,0,0,0,0,0,0,0,0,0,0,0,0,0,0,0,511,511,0.00,0.00,0.00,0.00,1.00,0.00,0.00,255,255,1.00,0.00,1.00,0.00,0.00,0.00,0.00,0.00,5
0,2,12,9,1032,0,0,0,0,0,0,0,0,0,0,0,0,0,0,0,0,0,511,511,0.00,0.00,0.00,0.00,1.00,0.00,0.00,255,255,1.00,0.00,1.00,0.00,0.00,0.00,0.00,0.00,5
0,2,12,9,1032,0,0,0,0,0,0,0,0,0,0,0,0,0,0,0,0,0,330,330,0.00,0.00,0.00,0.00,1.00,0.00,0.00,255,255,1.00,0.00,1.00,0.00,0.00,0.00,0.00,0.00,5
0,2,12,9,1032,0,0,0,0,0,0,0,0,0,0,0,0,0,0,0,0,0,511,511,0.00,0.00,0.00,0.00,1.00,0.00,0.00,255,255,1.00,0.00,1.00,0.00,0.00,0.00,0.00,0.00,5
0,2,12,9,1032,0,0,0,0,0,0,0,0,0,0,0,0,0,0,0,0,0,511,511,0.00,0.00,0.00,0.00,1.00,0.00,0.00,255,255,1.00,0.00,1.00,0.00,0.00,0.00,0.00,0.00,5
0,2,12,9,1032,0,0,0,0,0,0,0,0,0,0,0,0,0,0,0,0,0,510,510,0.00,0.00,0.00,0.00,1.00,0.00,0.00,255,255,1.00,0.00,1.00,0.00,0.00,0.00,0.00,0.00,5
0,2,12,9,1032,0,0,0,0,0,0,0,0,0,0,0,0,0,0,0,0,0,511,511,0.00,0.00,0.00,0.00,1.00,0.00,0.00,255,255,1.00,0.00,1.00,0.00,0.00,0.00,0.00,0.00,5
30,0,16,9,1402,4152,0,0,0,30,0,1,0,0,0,0,0,0,0,0,0,1,1,1,0.00,0.00,0.00,0.00,1.00,0.00,0.00,175,29,0.17,0.02,0.01,0.00,0.00,0.00,0.00,0.00,0
0,0,52,9,549,330,0,0,0,0,0,1,0,0,0,0,0,0,0,0,0,0,1,1,0.00,0.00,0.00,0.00,1.00,0.00,0.00,185,217,0.82,0.02,0.01,0.01,0.00,0.00,0.00,0.00,0
1,0,52,9,1003,363,0,0,0,0,0,1,0,0,0,0,0,0,0,0,0,0,1,1,0.00,0.00,0.00,0.00,1.00,0.00,0.00,195,216,0.82,0.02,0.01,0.01,0.00,0.00,0.00,0.00,0
4,0,52,9,1435,329,0,0,0,0,0,1,0,0,0,0,0,0,0,0,0,0,1,1,0.00,0.00,0.00,0.00,1.00,0.00,0.00,205,216,0.82,0.01,0.00,0.01,0.00,0.00,0.00,0.00,0
27,0,16,9,898,2586,0,0,0,17,0,1,0,0,0,0,0,0,0,0,0,1,1,1,0.00,0.00,0.00,0.00,1.00,0.00,0.00,215,35,0.16,0.01,0.00,0.00,0.00,0.00,0.00,0.00,0
1,0,52,9,1452,326,0,0,0,0,0,1,0,0,0,0,0,0,0,0,0,0,1,4,0.00,0.00,0.00,0.00,1.00,0.00,1.00,225,212,0.81,0.01,0.00,0.01,0.00,0.00,0.00,0.00,0
1,0,52,9,1213,323,0,0,0,0,0,1,0,0,0,0,0,0,0,0,0,0,1,4,0.00,0.00,0.00,0.00,1.00,0.00,1.00,235,211,0.81,0.01,0.00,0.01,0.00,0.00,0.00,0.00,0
0,0,15,9,7,140,0,0,0,0,0,0,0,0,0,0,0,0,0,0,0,0,1,1,0.00,0.00,0.00,0.00,1.00,0.00,0.00,245,7,0.03,0.01,0.00,0.00,0.00,0.00,0.00,0.00,0
1,0,52,9,2492,325,0,0,0,0,0,1,0,0,0,0,0,0,0,0,0,0,1,2,0.00,0.00,0.00,0.00,1.00,0.00,1.00,255,207,0.81,0.01,0.00,0.00,0.00,0.00,0.00,0.00,0
0,0,52,9,1970,332,0,0,0,0,0,1,0,0,0,0,0,0,0,0,0,0,1,3,0.00,0.00,0.00,0.00,1.00,0.00,1.00,1,207,1.00,0.00,1.00,0.01,0.00,0.00,0.00,0.00,0
1,0,52,9,1362,400,0,0,0,0,0,1,0,0,0,0,0,0,0,0,0,0,1,4,0.00,0.00,0.00,0.00,1.00,0.00,1.00,11,207,0.91,0.18,0.09,0.01,0.00,0.00,0.00,0.00,0
0,0,52,9,1318,329,0,0,0,0,0,1,0,0,0,0,0,0,0,0,0,0,1,1,0.00,0.00,0.00,0.00,1.00,0.00,0.00,21,208,0.95,0.10,0.05,0.01,0.00,0.00,0.00,0.00,0
0,0,52,9,1613,326,0,0,0,0,0,1,0,0,0,0,0,0,0,0,0,0,1,1,0.00,0.00,0.00,0.00,1.00,0.00,0.00,31,211,0.97,0.06,0.03,0.01,0.00,0.00,0.00,0.00,0
0,0,15,9,5,134,0,0,0,0,0,0,0,0,0,0,0,0,0,0,0,0,1,1,0.00,0.00,0.00,0.00,1.00,0.00,0.00,41,9,0.05,0.05,0.02,0.22,0.00,0.00,0.00,0.00,0
0,0,52,9,638,330,0,0,0,0,0,1,0,0,0,0,0,0,0,0,0,0,1,1,0.00,0.00,0.00,0.00,1.00,0.00,0.00,51,210,0.96,0.04,0.02,0.01,0.00,0.00,0.00,0.00,0
0,0,52,9,800,328,0,0,0,0,0,1,0,0,0,0,0,0,0,0,0,0,1,1,0.00,0.00,0.00,0.00,1.00,0.00,0.00,61,213,0.95,0.03,0.02,0.01,0.00,0.00,0.00,0.00,0
1,0,52,9,1027,334,0,0,0,0,0,1,0,0,0,0,0,0,0,0,0,0,1,3,0.00,0.00,0.00,0.00,1.00,0.00,1.00,71,216,0.94,0.03,0.01,0.01,0.00,0.00,0.00,0.00,0
2,0,52,9,1932,326,0,0,0,0,0,1,0,0,0,0,0,0,0,0,0,0,1,2,0.00,0.00,0.00,0.00,1.00,0.00,1.00,81,219,0.95,0.02,0.01,0.01,0.00,0.00,0.00,0.00,0
2,0,52,9,3334,474,0,0,0,0,0,1,0,0,0,0,0,0,0,0,0,0,1,2,0.00,0.00,0.00,0.00,1.00,0.00,1.00,91,221,0.96,0.02,0.01,0.01,0.00,0.00,0.00,0.00,0
0,0,52,9,1517,325,0,0,0,0,0,1,0,0,0,0,0,0,0,0,0,0,1,2,0.00,0.00,0.00,0.00,1.00,0.00,1.00,101,221,0.96,0.02,0.01,0.01,0.00,0.00,0.00,0.00,0
3,0,52,9,1180,333,0,0,0,0,0,1,0,0,0,0,0,0,0,0,0,0,1,2,0.00,0.00,0.00,0.00,1.00,0.00,1.00,111,222,0.96,0.02,0.01,0.01,0.00,0.00,0.00,0.00,0
6,0,52,9,1828,326,0,0,0,0,0,1,0,0,0,0,0,0,0,0,0,0,1,2,0.00,0.00,0.00,0.00,1.00,0.00,1.00,121,225,0.96,0.02,0.01,0.01,0.00,0.00,0.00,0.00,0
0,0,15,9,11,140,0,0,0,0,0,0,0,0,0,0,0,0,0,0,0,0,1,1,0.00,0.00,0.00,0.00,1.00,0.00,0.00,131,13,0.05,0.02,0.01,0.15,0.00,0.00,0.00,0.00,0
3,0,52,9,1105,326,0,0,0,0,0,1,0,0,0,0,0,0,0,0,0,0,1,2,0.00,0.00,0.00,0.00,1.00,0.00,1.00,141,225,0.95,0.01,0.01,0.01,0.00,0.00,0.00,0.00,0
0,0,52,9,1191,325,0,0,0,0,0,1,0,0,0,0,0,0,0,0,0,0,1,1,0.00,0.00,0.00,0.00,1.00,0.00,0.00,151,226,0.95,0.01,0.01,0.01,0.00,0.00,0.00,0.00,0
0,0,52,9,2762,330,0,0,0,0,0,1,0,0,0,0,0,0,0,0,0,0,1,2,0.00,0.00,0.00,0.00,1.00,0.00,1.00,161,227,0.95,0.01,0.01,0.01,0.00,0.00,0.00,0.00,0
0,0,15,9,10,139,0,0,0,0,0,0,0,0,0,0,0,0,0,0,0,0,1,1,0.00,0.00,0.00,0.00,1.00,0.00,0.00,171,13,0.05,0.01,0.01,0.15,0.00,0.00,0.00,0.00,0
0,0,52,9,628,338,0,0,0,0,0,1,0,0,0,0,0,0,0,0,0,0,1,1,0.00,0.00,0.00,0.00,1.00,0.00,0.00,6,229,1.00,0.00,0.17,0.01,0.00,0.00,0.00,0.00,0
0,0,52,9,4875,328,0,0,0,0,0,1,0,0,0,0,0,0,0,0,0,0,1,1,0.00,0.00,0.00,0.00,1.00,0.00,0.00,16,232,1.00,0.00,0.06,0.01,0.00,0.00,0.00,0.00,0
1,0,52,9,1379,403,0,0,0,0,0,1,0,0,0,0,0,0,0,0,0,0,1,3,0.00,0.00,0.00,0.00,1.00,0.00,1.00,26,233,0.96,0.08,0.04,0.01,0.00,0.00,0.00,0.00,0
1,0,52,9,981,334,0,0,0,0,0,1,0,0,0,0,0,0,0,0,0,0,1,3,0.00,0.00,0.00,0.00,1.00,0.00,1.00,36,236,0.97,0.06,0.03,0.01,0.00,0.00,0.00,0.00,0
0,0,52,9,1625,329,0,0,0,0,0,1,0,0,0,0,0,0,0,0,0,0,1,2,0.00,0.00,0.00,0.00,1.00,0.00,1.00,46,237,0.98,0.04,0.02,0.01,0.00,0.00,0.00,0.00,0
0,0,52,9,2269,333,0,0,0,0,0,1,0,0,0,0,0,0,0,0,0,0,2,2,0.00,0.00,0.00,0.00,1.00,0.00,0.00,56,239,0.96,0.04,0.02,0.01,0.00,0.00,0.00,0.00,0
0,0,52,9,1028,338,0,0,0,0,0,1,0,0,0,0,0,0,0,0,0,0,1,1,0.00,0.00,0.00,0.00,1.00,0.00,0.00,66,241,0.97,0.03,0.02,0.01,0.00,0.00,0.00,0.00,0
7,0,52,9,723,334,0,0,0,0,0,1,0,0,0,0,0,0,0,0,0,0,1,3,0.00,0.00,0.00,0.00,1.00,0.00,1.00,76,243,0.96,0.03,0.01,0.01,0.00,0.00,0.00,0.00,0
2,0,52,9,1281,333,0,0,0,0,0,1,0,0,0,0,0,0,0,0,0,0,1,3,0.00,0.00,0.00,0.00,1.00,0.00,1.00,86,244,0.97,0.02,0.01,0.01,0.00,0.00,0.00,0.00,0
29,0,15,9,9,141,0,0,0,0,0,0,0,0,0,0,0,0,0,0,0,0,1,1,0.00,0.00,0.00,0.00,1.00,0.00,0.00,96,12,0.04,0.02,0.01,0.17,0.00,0.00,0.00,0.00,0
2,0,52,9,3222,369,0,0,0,0,0,1,0,0,0,0,0,0,0,0,0,0,1,1,0.00,0.00,0.00,0.00,1.00,0.00,0.00,106,243,0.96,0.02,0.01,0.01,0.00,0.00,0.00,0.00,0
4,0,52,9,1735,330,0,0,0,0,0,1,0,0,0,0,0,0,0,0,0,0,1,1,0.00,0.00,0.00,0.00,1.00,0.00,0.00,116,243,0.97,0.02,0.01,0.01,0.00,0.00,0.00,0.00,0
5,0,52,9,1353,338,0,0,0,0,0,1,0,0,0,0,0,0,0,0,0,0,1,1,0.00,0.00,0.00,0.00,1.00,0.00,0.00,126,242,0.95,0.02,0.01,0.01,0.00,0.00,0.00,0.00,0
9,0,52,9,1829,331,0,0,0,0,0,1,0,0,0,0,0,0,0,0,0,0,1,1,0.00,0.00,0.00,0.00,1.00,0.00,0.00,136,242,0.96,0.01,0.01,0.01,0.00,0.00,0.00,0.00,0
6,0,52,9,2737,404,0,0,0,0,0,1,0,0,0,0,0,0,0,0,0,0,1,1,0.00,0.00,0.00,0.00,1.00,0.00,0.00,146,244,0.96,0.01,0.01,0.01,0.00,0.00,0.00,0.00,0
3,0,52,9,1123,373,0,0,0,0,0,1,0,0,0,0,0,0,0,0,0,0,1,2,0.00,0.00,0.00,0.00,1.00,0.00,1.00,156,244,0.96,0.01,0.01,0.01,0.00,0.00,0.00,0.00,0
3,0,52,9,1526,330,0,0,0,0,0,1,0,0,0,0,0,0,0,0,0,0,1,2,0.00,0.00,0.00,0.00,1.00,0.00,1.00,166,244,0.96,0.01,0.01,0.01,0.00,0.00,0.00,0.00,0
1,0,52,9,3486,364,0,0,0,0,0,1,0,0,0,0,0,0,0,0,0,0,1,3,0.00,0.00,0.00,0.00,1.00,0.00,1.00,176,244,0.97,0.01,0.01,0.01,0.00,0.00,0.00,0.00,0
0,0,52,9,1064,331,0,0,0,0,0,1,0,0,0,0,0,0,0,0,0,0,1,2,0.00,0.00,0.00,0.00,1.00,0.00,1.00,186,244,0.97,0.01,0.01,0.01,0.00,0.00,0.00,0.00,0
1,0,52,9,1193,334,0,0,0,0,0,1,0,0,0,0,0,0,0,0,0,0,1,3,0.00,0.00,0.00,0.00,1.00,0.00,1.00,196,245,0.97,0.01,0.01,0.01,0.00,0.00,0.00,0.00,0
1,0,52,9,1088,328,0,0,0,0,0,1,0,0,0,0,0,0,0,0,0,0,1,4,0.00,0.00,0.00,0.00,1.00,0.00,1.00,7,244,0.86,0.29,0.14,0.01,0.00,0.00,0.00,0.00,0
0,0,52,9,915,327,0,0,0,0,0,1,0,0,0,0,0,0,0,0,0,0,1,1,0.00,0.00,0.00,0.00,1.00,0.00,0.00,17,245,0.88,0.12,0.06,0.01,0.00,0.00,0.00,0.00,0
0,0,52,9,1271,372,0,0,0,0,0,1,0,0,0,0,0,0,0,0,0,0,1,1,0.00,0.00,0.00,0.00,1.00,0.00,0.00,27,244,0.89,0.07,0.04,0.01,0.00,0.00,0.00,0.00,0
1,0,52,9,2804,332,0,0,0,0,0,1,0,0,0,0,0,0,0,0,0,0,1,3,0.00,0.00,0.00,0.00,1.00,0.00,1.00,37,245,0.92,0.05,0.03,0.01,0.00,0.00,0.00,0.00,0
0,0,52,9,1705,330,0,0,0,0,0,1,0,0,0,0,0,0,0,0,0,0,1,1,0.00,0.00,0.00,0.00,1.00,0.00,0.00,47,245,0.94,0.04,0.02,0.01,0.00,0.00,0.00,0.00,0
0,0,52,9,1095,329,0,0,0,0,0,1,0,0,0,0,0,0,0,0,0,0,1,2,0.00,0.00,0.00,0.00,1.00,0.00,1.00,57,246,0.95,0.04,0.02,0.01,0.00,0.00,0.00,0.00,0
1,0,52,9,1039,447,0,0,0,0,0,1,0,0,0,0,0,0,0,0,0,0,1,2,0.00,0.00,0.00,0.00,1.00,0.00,1.00,67,246,0.96,0.03,0.01,0.01,0.00,0.00,0.00,0.00,0
1,0,52,9,867,331,0,0,0,0,0,1,0,0,0,0,0,0,0,0,0,0,1,3,0.00,0.00,0.00,0.00,1.00,0.00,1.00,77,245,0.95,0.03,0.01,0.01,0.00,0.00,0.00,0.00,0
0,0,52,9,1398,328,0,0,0,0,0,1,0,0,0,0,0,0,0,0,0,0,1,1,0.00,0.00,0.00,0.00,1.00,0.00,0.00,87,246,0.95,0.02,0.01,0.01,0.00,0.00,0.00,0.00,0
0,0,52,9,1656,329,0,0,0,0,0,1,0,0,0,0,0,0,0,0,0,0,1,1,0.00,0.00,0.00,0.00,1.00,0.00,0.00,97,245,0.95,0.02,0.01,0.01,0.00,0.00,0.00,0.00,0
0,0,15,9,8,611,0,0,0,0,0,0,0,0,0,0,0,0,0,0,0,0,1,1,0.00,0.00,0.00,0.00,1.00,0.00,0.00,107,11,0.06,0.02,0.01,0.18,0.00,0.00,0.00,0.00,0
0,0,52,9,12748,1430,0,0,0,0,0,1,0,0,0,0,0,0,0,0,0,0,1,1,0.00,0.00,0.00,0.00,1.00,0.00,0.00,117,245,0.95,0.02,0.01,0.01,0.00,0.00,0.00,0.00,0
1,0,52,9,1396,326,0,0,0,0,0,1,0,0,0,0,0,0,0,0,0,0,1,2,0.00,0.00,0.00,0.00,1.00,0.00,1.00,127,245,0.95,0.02,0.01,0.01,0.00,0.00,0.00,0.00,0
3,0,52,9,1049,331,0,0,0,0,0,1,0,0,0,0,0,0,0,0,0,0,1,1,0.00,0.00,0.00,0.00,1.00,0.00,0.00,137,246,0.96,0.01,0.01,0.01,0.00,0.00,0.00,0.00,0
0,0,52,9,1566,329,0,0,0,0,0,1,0,0,0,0,0,0,0,0,0,0,1,1,0.00,0.00,0.00,0.00,1.00,0.00,0.00,147,246,0.96,0.01,0.01,0.01,0.00,0.00,0.00,0.00,0
0,0,52,9,1236,329,0,0,0,0,0,1,0,0,0,0,0,0,0,0,0,0,1,2,0.00,0.00,0.00,0.00,1.00,0.00,1.00,157,245,0.95,0.02,0.01,0.01,0.00,0.00,0.00,0.00,0
0,0,52,9,1548,332,0,0,0,0,0,1,0,0,0,0,0,0,0,0,0,0,1,1,0.00,0.00,0.00,0.00,1.00,0.00,0.00,167,245,0.95,0.02,0.01,0.01,0.00,0.00,0.00,0.00,0
1,0,52,9,1195,331,0,0,0,0,0,1,0,0,0,0,0,0,0,0,0,0,1,4,0.00,0.00,0.00,0.00,1.00,0.00,1.00,177,246,0.95,0.02,0.01,0.01,0.00,0.00,0.00,0.00,0
0,0,52,9,747,503,0,0,0,0,0,1,0,0,0,0,0,0,0,0,0,0,1,1,0.00,0.00,0.00,0.00,1.00,0.00,0.00,8,247,1.00,0.00,0.12,0.01,0.00,0.00,0.00,0.00,0
0,0,52,9,1018,490,0,0,0,0,0,1,0,0,0,0,0,0,0,0,0,0,1,3,0.00,0.00,0.00,0.00,1.00,0.00,1.00,18,246,0.94,0.11,0.06,0.01,0.00,0.00,0.00,0.00,0
0,0,52,9,1070,494,0,0,0,0,0,1,0,0,0,0,0,0,0,0,0,0,2,3,0.00,0.00,0.00,0.00,0.50,1.00,1.00,28,245,0.93,0.07,0.04,0.01,0.00,0.00,0.00,0.00,0
0,0,52,9,753,496,0,0,0,0,0,1,0,0,0,0,0,0,0,0,0,0,1,1,0.00,0.00,0.00,0.00,1.00,0.00,0.00,38,245,0.95,0.05,0.03,0.01,0.00,0.00,0.00,0.00,0
0,0,52,9,616,489,0,0,0,0,0,1,0,0,0,0,0,0,0,0,0,0,1,2,0.00,0.00,0.00,0.00,1.00,0.00,1.00,48,244,0.94,0.04,0.02,0.01,0.00,0.00,0.00,0.00,0
0,0,52,9,2141,693,0,0,0,0,0,1,0,0,0,0,0,0,0,0,0,0,1,4,0.00,0.00,0.00,0.00,1.00,0.00,1.00,58,244,0.95,0.03,0.02,0.01,0.00,0.00,0.00,0.00,0
0,0,52,9,6210,488,0,0,0,0,0,1,0,0,0,0,0,0,0,0,0,0,1,1,0.00,0.00,0.00,0.00,1.00,0.00,0.00,68,244,0.96,0.03,0.01,0.01,0.00,0.00,0.00,0.00,0
0,0,52,9,1151,543,0,0,0,0,0,1,0,0,0,0,0,0,0,0,0,0,2,1,0.00,0.00,0.00,0.00,0.50,1.00,0.00,78,244,0.95,0.03,0.01,0.01,0.00,0.00,0.00,0.00,0
0,0,52,9,811,499,0,0,0,0,0,1,0,0,0,0,0,0,0,0,0,0,1,1,0.00,0.00,0.00,0.00,1.00,0.00,0.00,88,243,0.94,0.02,0.01,0.01,0.00,0.00,0.00,0.00,0
3,0,52,9,5208,501,0,0,0,0,0,1,0,0,0,0,0,0,0,0,0,0,1,1,0.00,0.00,0.00,0.00,1.00,0.00,0.00,98,244,0.94,0.02,0.01,0.01,0.00,0.00,0.00,0.00,0
0,0,52,9,1889,488,0,0,0,0,0,1,0,0,0,0,0,0,0,0,0,0,1,5,0.00,0.00,0.00,0.00,1.00,0.00,1.00,108,244,0.94,0.02,0.01,0.01,0.00,0.00,0.00,0.00,0
0,0,52,9,1579,593,0,0,0,0,0,1,0,0,0,0,0,0,0,0,0,0,1,1,0.00,0.00,0.00,0.00,1.00,0.00,0.00,118,244,0.95,0.02,0.01,0.01,0.00,0.00,0.00,0.00,0
0,0,52,9,1000,494,0,0,0,0,0,1,0,0,0,0,0,0,0,0,0,0,1,1,0.00,0.00,0.00,0.00,1.00,0.00,0.00,128,244,0.95,0.02,0.01,0.01,0.00,0.00,0.00,0.00,0
1,0,52,9,950,493,0,0,0,0,0,1,0,0,0,0,0,0,0,0,0,0,2,1,0.00,0.00,0.00,0.00,0.50,1.00,0.00,138,243,0.95,0.01,0.01,0.01,0.00,0.00,0.00,0.00,0
0,2,12,9,1032,0,0,0,0,0,0,0,0,0,0,0,0,0,0,0,0,0,316,316,0.00,0.00,0.00,0.00,1.00,0.00,0.00,148,3,0.02,0.02,0.02,0.00,0.00,0.00,0.00,0.00,5
0,2,12,9,1032,0,0,0,0,0,0,0,0,0,0,0,0,0,0,0,0,0,511,511,0.00,0.00,0.00,0.00,1.00,0.00,0.00,158,13,0.08,0.02,0.08,0.00,0.00,0.00,0.00,0.00,5
0,2,12,9,1032,0,0,0,0,0,0,0,0,0,0,0,0,0,0,0,0,0,511,511,0.00,0.00,0.00,0.00,1.00,0.00,0.00,168,23,0.14,0.02,0.14,0.00,0.00,0.00,0.00,0.00,5
0,2,12,9,1032,0,0,0,0,0,0,0,0,0,0,0,0,0,0,0,0,0,510,510,0.00,0.00,0.00,0.00,1.00,0.00,0.00,178,33,0.19,0.02,0.19,0.00,0.00,0.00,0.00,0.00,5
0,2,12,9,1032,0,0,0,0,0,0,0,0,0,0,0,0,0,0,0,0,0,509,509,0.00,0.00,0.00,0.00,1.00,0.00,0.00,188,43,0.23,0.02,0.23,0.00,0.00,0.00,0.00,0.00,5
0,2,12,9,1032,0,0,0,0,0,0,0,0,0,0,0,0,0,0,0,0,0,511,511,0.00,0.00,0.00,0.00,1.00,0.00,0.00,198,53,0.27,0.02,0.27,0.00,0.00,0.00,0.00,0.00,5
0,2,12,9,1032,0,0,0,0,0,0,0,0,0,0,0,0,0,0,0,0,0,511,511,0.00,0.00,0.00,0.00,1.00,0.00,0.00,208,63,0.30,0.01,0.30,0.00,0.00,0.00,0.00,0.00,5
0,2,12,9,1032,0,0,0,0,0,0,0,0,0,0,0,0,0,0,0,0,0,509,509,0.00,0.00,0.00,0.00,1.00,0.00,0.00,218,73,0.33,0.01,0.33,0.00,0.00,0.00,0.00,0.00,5
0,2,12,9,1032,0,0,0,0,0,0,0,0,0,0,0,0,0,0,0,0,0,511,511,0.00,0.00,0.00,0.00,1.00,0.00,0.00,228,83,0.36,0.01,0.36,0.00,0.00,0.00,0.00,0.00,5
0,2,12,9,1032,0,0,0,0,0,0,0,0,0,0,0,0,0,0,0,0,0,511,511,0.00,0.00,0.00,0.00,1.00,0.00,0.00,238,93,0.39,0.01,0.39,0.00,0.00,0.00,0.00,0.00,5
0,2,12,9,1032,0,0,0,0,0,0,0,0,0,0,0,0,0,0,0,0,0,511,511,0.00,0.00,0.00,0.00,1.00,0.00,0.00,248,103,0.42,0.01,0.42,0.00,0.00,0.00,0.00,0.00,5
0,2,12,9,1032,0,0,0,0,0,0,0,0,0,0,0,0,0,0,0,0,0,511,511,0.00,0.00,0.00,0.00,1.00,0.00,0.00,255,113,0.44,0.01,0.44,0.00,0.00,0.00,0.00,0.00,5
0,2,12,9,1032,0,0,0,0,0,0,0,0,0,0,0,0,0,0,0,0,0,511,511,0.00,0.00,0.00,0.00,1.00,0.00,0.00,255,123,0.48,0.01,0.48,0.00,0.00,0.00,0.00,0.00,5
0,2,12,9,1032,0,0,0,0,0,0,0,0,0,0,0,0,0,0,0,0,0,511,511,0.00,0.00,0.00,0.00,1.00,0.00,0.00,255,133,0.52,0.01,0.52,0.00,0.00,0.00,0.00,0.00,5
0,2,12,9,1032,0,0,0,0,0,0,0,0,0,0,0,0,0,0,0,0,0,511,511,0.00,0.00,0.00,0.00,1.00,0.00,0.00,255,143,0.56,0.01,0.56,0.00,0.00,0.00,0.00,0.00,5
0,2,12,9,1032,0,0,0,0,0,0,0,0,0,0,0,0,0,0,0,0,0,511,511,0.00,0.00,0.00,0.00,1.00,0.00,0.00,255,153,0.60,0.01,0.60,0.00,0.00,0.00,0.00,0.00,5
0,2,12,9,1032,0,0,0,0,0,0,0,0,0,0,0,0,0,0,0,0,0,511,511,0.00,0.00,0.00,0.00,1.00,0.00,0.00,255,163,0.64,0.01,0.64,0.00,0.00,0.00,0.00,0.00,5
0,2,12,9,1032,0,0,0,0,0,0,0,0,0,0,0,0,0,0,0,0,0,511,511,0.00,0.00,0.00,0.00,1.00,0.00,0.00,255,173,0.68,0.01,0.68,0.00,0.00,0.00,0.00,0.00,5
0,2,12,9,1032,0,0,0,0,0,0,0,0,0,0,0,0,0,0,0,0,0,511,511,0.00,0.00,0.00,0.00,1.00,0.00,0.00,255,183,0.72,0.01,0.72,0.00,0.00,0.00,0.00,0.00,5
0,2,12,9,1032,0,0,0,0,0,0,0,0,0,0,0,0,0,0,0,0,0,511,511,0.00,0.00,0.00,0.00,1.00,0.00,0.00,255,193,0.76,0.01,0.76,0.00,0.00,0.00,0.00,0.00,5
0,2,12,9,1032,0,0,0,0,0,0,0,0,0,0,0,0,0,0,0,0,0,511,511,0.00,0.00,0.00,0.00,1.00,0.00,0.00,255,203,0.80,0.01,0.80,0.00,0.00,0.00,0.00,0.00,5
0,2,12,9,1032,0,0,0,0,0,0,0,0,0,0,0,0,0,0,0,0,0,511,511,0.00,0.00,0.00,0.00,1.00,0.00,0.00,255,213,0.84,0.01,0.84,0.00,0.00,0.00,0.00,0.00,5
0,2,12,9,1032,0,0,0,0,0,0,0,0,0,0,0,0,0,0,0,0,0,511,511,0.00,0.00,0.00,0.00,1.00,0.00,0.00,255,223,0.87,0.01,0.87,0.00,0.00,0.00,0.00,0.00,5
0,2,12,9,1032,0,0,0,0,0,0,0,0,0,0,0,0,0,0,0,0,0,511,511,0.00,0.00,0.00,0.00,1.00,0.00,0.00,255,233,0.91,0.01,0.91,0.00,0.00,0.00,0.00,0.00,5
0,2,12,9,1032,0,0,0,0,0,0,0,0,0,0,0,0,0,0,0,0,0,511,511,0.00,0.00,0.00,0.00,1.00,0.00,0.00,255,243,0.95,0.01,0.95,0.00,0.00,0.00,0.00,0.00,5
0,2,12,9,1032,0,0,0,0,0,0,0,0,0,0,0,0,0,0,0,0,0,511,511,0.00,0.00,0.00,0.00,1.00,0.00,0.00,255,253,0.99,0.01,0.99,0.00,0.00,0.00,0.00,0.00,5
0,2,12,9,1032,0,0,0,0,0,0,0,0,0,0,0,0,0,0,0,0,0,511,511,0.00,0.00,0.00,0.00,1.00,0.00,0.00,255,255,1.00,0.00,1.00,0.00,0.00,0.00,0.00,0.00,5
0,2,12,9,1032,0,0,0,0,0,0,0,0,0,0,0,0,0,0,0,0,0,511,511,0.00,0.00,0.00,0.00,1.00,0.00,0.00,255,255,1.00,0.00,1.00,0.00,0.00,0.00,0.00,0.00,5
0,2,12,9,1032,0,0,0,0,0,0,0,0,0,0,0,0,0,0,0,0,0,511,511,0.00,0.00,0.00,0.00,1.00,0.00,0.00,255,255,1.00,0.00,1.00,0.00,0.00,0.00,0.00,0.00,5
0,2,12,9,1032,0,0,0,0,0,0,0,0,0,0,0,0,0,0,0,0,0,511,511,0.00,0.00,0.00,0.00,1.00,0.00,0.00,255,255,1.00,0.00,1.00,0.00,0.00,0.00,0.00,0.00,5
0,2,12,9,1032,0,0,0,0,0,0,0,0,0,0,0,0,0,0,0,0,0,511,511,0.00,0.00,0.00,0.00,1.00,0.00,0.00,255,255,1.00,0.00,1.00,0.00,0.00,0.00,0.00,0.00,5
0,2,12,9,1032,0,0,0,0,0,0,0,0,0,0,0,0,0,0,0,0,0,511,511,0.00,0.00,0.00,0.00,1.00,0.00,0.00,255,255,1.00,0.00,1.00,0.00,0.00,0.00,0.00,0.00,5
0,2,12,9,1032,0,0,0,0,0,0,0,0,0,0,0,0,0,0,0,0,0,511,511,0.00,0.00,0.00,0.00,1.00,0.00,0.00,255,255,1.00,0.00,1.00,0.00,0.00,0.00,0.00,0.00,5
0,2,12,9,1032,0,0,0,0,0,0,0,0,0,0,0,0,0,0,0,0,0,511,511,0.00,0.00,0.00,0.00,1.00,0.00,0.00,255,255,1.00,0.00,1.00,0.00,0.00,0.00,0.00,0.00,5
0,2,12,9,1032,0,0,0,0,0,0,0,0,0,0,0,0,0,0,0,0,0,511,511,0.00,0.00,0.00,0.00,1.00,0.00,0.00,255,255,1.00,0.00,1.00,0.00,0.00,0.00,0.00,0.00,5
0,2,12,9,1032,0,0,0,0,0,0,0,0,0,0,0,0,0,0,0,0,0,511,511,0.00,0.00,0.00,0.00,1.00,0.00,0.00,255,255,1.00,0.00,1.00,0.00,0.00,0.00,0.00,0.00,5
0,2,12,9,1032,0,0,0,0,0,0,0,0,0,0,0,0,0,0,0,0,0,511,511,0.00,0.00,0.00,0.00,1.00,0.00,0.00,255,255,1.00,0.00,1.00,0.00,0.00,0.00,0.00,0.00,5
0,2,12,9,1032,0,0,0,0,0,0,0,0,0,0,0,0,0,0,0,0,0,511,511,0.00,0.00,0.00,0.00,1.00,0.00,0.00,255,255,1.00,0.00,1.00,0.00,0.00,0.00,0.00,0.00,5
0,2,12,9,1032,0,0,0,0,0,0,0,0,0,0,0,0,0,0,0,0,0,511,511,0.00,0.00,0.00,0.00,1.00,0.00,0.00,255,255,1.00,0.00,1.00,0.00,0.00,0.00,0.00,0.00,5
0,2,12,9,1032,0,0,0,0,0,0,0,0,0,0,0,0,0,0,0,0,0,511,511,0.00,0.00,0.00,0.00,1.00,0.00,0.00,255,255,1.00,0.00,1.00,0.00,0.00,0.00,0.00,0.00,5
0,2,12,9,1032,0,0,0,0,0,0,0,0,0,0,0,0,0,0,0,0,0,511,511,0.00,0.00,0.00,0.00,1.00,0.00,0.00,255,255,1.00,0.00,1.00,0.00,0.00,0.00,0.00,0.00,5
0,2,12,9,1032,0,0,0,0,0,0,0,0,0,0,0,0,0,0,0,0,0,511,511,0.00,0.00,0.00,0.00,1.00,0.00,0.00,255,255,1.00,0.00,1.00,0.00,0.00,0.00,0.00,0.00,5
0,2,12,9,1032,0,0,0,0,0,0,0,0,0,0,0,0,0,0,0,0,0,509,509,0.00,0.00,0.00,0.00,1.00,0.00,0.00,255,255,1.00,0.00,1.00,0.00,0.00,0.00,0.00,0.00,5
0,2,12,9,1032,0,0,0,0,0,0,0,0,0,0,0,0,0,0,0,0,0,511,511,0.00,0.00,0.00,0.00,1.00,0.00,0.00,255,255,1.00,0.00,1.00,0.00,0.00,0.00,0.00,0.00,5
0,2,12,9,1032,0,0,0,0,0,0,0,0,0,0,0,0,0,0,0,0,0,511,511,0.00,0.00,0.00,0.00,1.00,0.00,0.00,255,255,1.00,0.00,1.00,0.00,0.00,0.00,0.00,0.00,5
0,2,12,9,1032,0,0,0,0,0,0,0,0,0,0,0,0,0,0,0,0,0,511,511,0.00,0.00,0.00,0.00,1.00,0.00,0.00,255,255,1.00,0.00,1.00,0.00,0.00,0.00,0.00,0.00,5
0,2,12,9,1032,0,0,0,0,0,0,0,0,0,0,0,0,0,0,0,0,0,511,511,0.00,0.00,0.00,0.00,1.00,0.00,0.00,255,255,1.00,0.00,1.00,0.00,0.00,0.00,0.00,0.00,5
0,2,12,9,1032,0,0,0,0,0,0,0,0,0,0,0,0,0,0,0,0,0,511,511,0.00,0.00,0.00,0.00,1.00,0.00,0.00,255,255,1.00,0.00,1.00,0.00,0.00,0.00,0.00,0.00,5
0,2,12,9,1032,0,0,0,0,0,0,0,0,0,0,0,0,0,0,0,0,0,511,511,0.00,0.00,0.00,0.00,1.00,0.00,0.00,255,255,1.00,0.00,1.00,0.00,0.00,0.00,0.00,0.00,5
0,2,12,9,1032,0,0,0,0,0,0,0,0,0,0,0,0,0,0,0,0,0,330,330,0.00,0.00,0.00,0.00,1.00,0.00,0.00,255,255,1.00,0.00,1.00,0.00,0.00,0.00,0.00,0.00,5
0,2,12,9,1032,0,0,0,0,0,0,0,0,0,0,0,0,0,0,0,0,0,511,511,0.00,0.00,0.00,0.00,1.00,0.00,0.00,255,255,1.00,0.00,1.00,0.00,0.00,0.00,0.00,0.00,5
0,2,12,9,1032,0,0,0,0,0,0,0,0,0,0,0,0,0,0,0,0,0,511,511,0.00,0.00,0.00,0.00,1.00,0.00,0.00,255,255,1.00,0.00,1.00,0.00,0.00,0.00,0.00,0.00,5
0,2,12,9,1032,0,0,0,0,0,0,0,0,0,0,0,0,0,0,0,0,0,510,510,0.00,0.00,0.00,0.00,1.00,0.00,0.00,255,255,1.00,0.00,1.00,0.00,0.00,0.00,0.00,0.00,5
0,2,12,9,1032,0,0,0,0,0,0,0,0,0,0,0,0,0,0,0,0,0,511,511,0.00,0.00,0.00,0.00,1.00,0.00,0.00,255,255,1.00,0.00,1.00,0.00,0.00,0.00,0.00,0.00,5
0,2,12,9,1032,0,0,0,0,0,0,0,0,0,0,0,0,0,0,0,0,0,511,511,0.00,0.00,0.00,0.00,1.00,0.00,0.00,255,255,1.00,0.00,1.00,0.00,0.00,0.00,0.00,0.00,5
0,2,12,9,1032,0,0,0,0,0,0,0,0,0,0,0,0,0,0,0,0,0,511,511,0.00,0.00,0.00,0.00,1.00,0.00,0.00,255,255,1.00,0.00,1.00,0.00,0.00,0.00,0.00,0.00,5
0,2,12,9,1032,0,0,0,0,0,0,0,0,0,0,0,0,0,0,0,0,0,9,9,0.00,0.00,0.00,0.00,1.00,0.00,0.00,255,255,1.00,0.00,1.00,0.00,0.00,0.00,0.00,0.00,5
0,2,12,9,1032,0,0,0,0,0,0,0,0,0,0,0,0,0,0,0,0,0,511,511,0.00,0.00,0.00,0.00,1.00,0.00,0.00,255,255,1.00,0.00,1.00,0.00,0.00,0.00,0.00,0.00,5
0,2,12,9,1032,0,0,0,0,0,0,0,0,0,0,0,0,0,0,0,0,0,511,511,0.00,0.00,0.00,0.00,1.00,0.00,0.00,255,255,1.00,0.00,1.00,0.00,0.00,0.00,0.00,0.00,5
0,2,12,9,1032,0,0,0,0,0,0,0,0,0,0,0,0,0,0,0,0,0,511,511,0.00,0.00,0.00,0.00,1.00,0.00,0.00,255,255,1.00,0.00,1.00,0.00,0.00,0.00,0.00,0.00,5
0,2,12,9,1032,0,0,0,0,0,0,0,0,0,0,0,0,0,0,0,0,0,511,511,0.00,0.00,0.00,0.00,1.00,0.00,0.00,255,255,1.00,0.00,1.00,0.00,0.00,0.00,0.00,0.00,5
0,2,12,9,1032,0,0,0,0,0,0,0,0,0,0,0,0,0,0,0,0,0,511,511,0.00,0.00,0.00,0.00,1.00,0.00,0.00,255,255,1.00,0.00,1.00,0.00,0.00,0.00,0.00,0.00,5
0,2,12,9,1032,0,0,0,0,0,0,0,0,0,0,0,0,0,0,0,0,0,511,511,0.00,0.00,0.00,0.00,1.00,0.00,0.00,255,255,1.00,0.00,1.00,0.00,0.00,0.00,0.00,0.00,5
0,2,12,9,1032,0,0,0,0,0,0,0,0,0,0,0,0,0,0,0,0,0,334,334,0.00,0.00,0.00,0.00,1.00,0.00,0.00,255,255,1.00,0.00,1.00,0.00,0.00,0.00,0.00,0.00,5
0,2,12,9,1032,0,0,0,0,0,0,0,0,0,0,0,0,0,0,0,0,0,511,511,0.00,0.00,0.00,0.00,1.00,0.00,0.00,255,255,1.00,0.00,1.00,0.00,0.00,0.00,0.00,0.00,5
0,2,12,9,1032,0,0,0,0,0,0,0,0,0,0,0,0,0,0,0,0,0,511,511,0.00,0.00,0.00,0.00,1.00,0.00,0.00,255,255,1.00,0.00,1.00,0.00,0.00,0.00,0.00,0.00,5
0,2,12,9,1032,0,0,0,0,0,0,0,0,0,0,0,0,0,0,0,0,0,511,511,0.00,0.00,0.00,0.00,1.00,0.00,0.00,255,255,1.00,0.00,1.00,0.00,0.00,0.00,0.00,0.00,5
0,2,12,9,1032,0,0,0,0,0,0,0,0,0,0,0,0,0,0,0,0,0,511,511,0.00,0.00,0.00,0.00,1.00,0.00,0.00,255,255,1.00,0.00,1.00,0.00,0.00,0.00,0.00,0.00,5
0,2,12,9,1032,0,0,0,0,0,0,0,0,0,0,0,0,0,0,0,0,0,511,511,0.00,0.00,0.00,0.00,1.00,0.00,0.00,255,255,1.00,0.00,1.00,0.00,0.00,0.00,0.00,0.00,5
0,2,12,9,1032,0,0,0,0,0,0,0,0,0,0,0,0,0,0,0,0,0,511,511,0.00,0.00,0.00,0.00,1.00,0.00,0.00,255,255,1.00,0.00,1.00,0.00,0.00,0.00,0.00,0.00,5
0,2,12,9,1032,0,0,0,0,0,0,0,0,0,0,0,0,0,0,0,0,0,511,511,0.00,0.00,0.00,0.00,1.00,0.00,0.00,255,255,1.00,0.00,1.00,0.00,0.00,0.00,0.00,0.00,5
0,2,12,9,1032,0,0,0,0,0,0,0,0,0,0,0,0,0,0,0,0,0,511,511,0.00,0.00,0.00,0.00,1.00,0.00,0.00,255,255,1.00,0.00,1.00,0.00,0.00,0.00,0.00,0.00,5
0,2,12,9,1032,0,0,0,0,0,0,0,0,0,0,0,0,0,0,0,0,0,511,511,0.00,0.00,0.00,0.00,1.00,0.00,0.00,255,255,1.00,0.00,1.00,0.00,0.00,0.00,0.00,0.00,5
0,2,12,9,1032,0,0,0,0,0,0,0,0,0,0,0,0,0,0,0,0,0,511,511,0.00,0.00,0.00,0.00,1.00,0.00,0.00,255,255,1.00,0.00,1.00,0.00,0.00,0.00,0.00,0.00,5
0,2,12,9,1032,0,0,0,0,0,0,0,0,0,0,0,0,0,0,0,0,0,511,511,0.00,0.00,0.00,0.00,1.00,0.00,0.00,255,255,1.00,0.00,1.00,0.00,0.00,0.00,0.00,0.00,5
0,2,12,9,1032,0,0,0,0,0,0,0,0,0,0,0,0,0,0,0,0,0,511,511,0.00,0.00,0.00,0.00,1.00,0.00,0.00,255,255,1.00,0.00,1.00,0.00,0.00,0.00,0.00,0.00,5
0,2,12,9,1032,0,0,0,0,0,0,0,0,0,0,0,0,0,0,0,0,0,511,511,0.00,0.00,0.00,0.00,1.00,0.00,0.00,255,255,1.00,0.00,1.00,0.00,0.00,0.00,0.00,0.00,5
0,2,12,9,1032,0,0,0,0,0,0,0,0,0,0,0,0,0,0,0,0,0,511,511,0.00,0.00,0.00,0.00,1.00,0.00,0.00,255,255,1.00,0.00,1.00,0.00,0.00,0.00,0.00,0.00,5
0,2,12,9,1032,0,0,0,0,0,0,0,0,0,0,0,0,0,0,0,0,0,511,511,0.00,0.00,0.00,0.00,1.00,0.00,0.00,255,255,1.00,0.00,1.00,0.00,0.00,0.00,0.00,0.00,5
0,2,12,9,1032,0,0,0,0,0,0,0,0,0,0,0,0,0,0,0,0,0,511,511,0.00,0.00,0.00,0.00,1.00,0.00,0.00,255,255,1.00,0.00,1.00,0.00,0.00,0.00,0.00,0.00,5
0,2,12,9,1032,0,0,0,0,0,0,0,0,0,0,0,0,0,0,0,0,0,511,511,0.00,0.00,0.00,0.00,1.00,0.00,0.00,255,255,1.00,0.00,1.00,0.00,0.00,0.00,0.00,0.00,5
0,2,12,9,1032,0,0,0,0,0,0,0,0,0,0,0,0,0,0,0,0,0,511,511,0.00,0.00,0.00,0.00,1.00,0.00,0.00,255,255,1.00,0.00,1.00,0.00,0.00,0.00,0.00,0.00,5
0,2,12,9,1032,0,0,0,0,0,0,0,0,0,0,0,0,0,0,0,0,0,511,511,0.00,0.00,0.00,0.00,1.00,0.00,0.00,255,255,1.00,0.00,1.00,0.00,0.00,0.00,0.00,0.00,5
0,2,12,9,1032,0,0,0,0,0,0,0,0,0,0,0,0,0,0,0,0,0,511,511,0.00,0.00,0.00,0.00,1.00,0.00,0.00,255,255,1.00,0.00,1.00,0.00,0.00,0.00,0.00,0.00,5
0,2,12,9,1032,0,0,0,0,0,0,0,0,0,0,0,0,0,0,0,0,0,511,511,0.00,0.00,0.00,0.00,1.00,0.00,0.00,255,255,1.00,0.00,1.00,0.00,0.00,0.00,0.00,0.00,5
0,2,12,9,1032,0,0,0,0,0,0,0,0,0,0,0,0,0,0,0,0,0,511,511,0.00,0.00,0.00,0.00,1.00,0.00,0.00,255,255,1.00,0.00,1.00,0.00,0.00,0.00,0.00,0.00,5
0,2,12,9,1032,0,0,0,0,0,0,0,0,0,0,0,0,0,0,0,0,0,511,511,0.00,0.00,0.00,0.00,1.00,0.00,0.00,255,255,1.00,0.00,1.00,0.00,0.00,0.00,0.00,0.00,5
0,2,12,9,1032,0,0,0,0,0,0,0,0,0,0,0,0,0,0,0,0,0,511,511,0.00,0.00,0.00,0.00,1.00,0.00,0.00,255,255,1.00,0.00,1.00,0.00,0.00,0.00,0.00,0.00,5
0,2,12,9,1032,0,0,0,0,0,0,0,0,0,0,0,0,0,0,0,0,0,511,511,0.00,0.00,0.00,0.00,1.00,0.00,0.00,255,255,1.00,0.00,1.00,0.00,0.00,0.00,0.00,0.00,5
0,2,12,9,1032,0,0,0,0,0,0,0,0,0,0,0,0,0,0,0,0,0,511,511,0.00,0.00,0.00,0.00,1.00,0.00,0.00,255,255,1.00,0.00,1.00,0.00,0.00,0.00,0.00,0.00,5
0,2,12,9,1032,0,0,0,0,0,0,0,0,0,0,0,0,0,0,0,0,0,509,509,0.00,0.00,0.00,0.00,1.00,0.00,0.00,255,255,1.00,0.00,1.00,0.00,0.00,0.00,0.00,0.00,5
0,2,12,9,1032,0,0,0,0,0,0,0,0,0,0,0,0,0,0,0,0,0,511,511,0.00,0.00,0.00,0.00,1.00,0.00,0.00,255,255,1.00,0.00,1.00,0.00,0.00,0.00,0.00,0.00,5
0,2,12,9,1032,0,0,0,0,0,0,0,0,0,0,0,0,0,0,0,0,0,511,511,0.00,0.00,0.00,0.00,1.00,0.00,0.00,255,255,1.00,0.00,1.00,0.00,0.00,0.00,0.00,0.00,5
0,2,12,9,1032,0,0,0,0,0,0,0,0,0,0,0,0,0,0,0,0,0,511,511,0.00,0.00,0.00,0.00,1.00,0.00,0.00,255,255,1.00,0.00,1.00,0.00,0.00,0.00,0.00,0.00,5
0,2,12,9,1032,0,0,0,0,0,0,0,0,0,0,0,0,0,0,0,0,0,509,509,0.00,0.00,0.00,0.00,1.00,0.00,0.00,255,255,1.00,0.00,1.00,0.00,0.00,0.00,0.00,0.00,5
0,2,12,9,1032,0,0,0,0,0,0,0,0,0,0,0,0,0,0,0,0,0,511,511,0.00,0.00,0.00,0.00,1.00,0.00,0.00,255,255,1.00,0.00,1.00,0.00,0.00,0.00,0.00,0.00,5
0,2,12,9,1032,0,0,0,0,0,0,0,0,0,0,0,0,0,0,0,0,0,511,511,0.00,0.00,0.00,0.00,1.00,0.00,0.00,255,255,1.00,0.00,1.00,0.00,0.00,0.00,0.00,0.00,5
0,2,12,9,1032,0,0,0,0,0,0,0,0,0,0,0,0,0,0,0,0,0,511,511,0.00,0.00,0.00,0.00,1.00,0.00,0.00,255,255,1.00,0.00,1.00,0.00,0.00,0.00,0.00,0.00,5
0,2,12,9,1032,0,0,0,0,0,0,0,0,0,0,0,0,0,0,0,0,0,511,511,0.00,0.00,0.00,0.00,1.00,0.00,0.00,255,255,1.00,0.00,1.00,0.00,0.00,0.00,0.00,0.00,5
0,2,12,9,1032,0,0,0,0,0,0,0,0,0,0,0,0,0,0,0,0,0,511,511,0.00,0.00,0.00,0.00,1.00,0.00,0.00,255,255,1.00,0.00,1.00,0.00,0.00,0.00,0.00,0.00,5
0,2,12,9,1032,0,0,0,0,0,0,0,0,0,0,0,0,0,0,0,0,0,511,511,0.00,0.00,0.00,0.00,1.00,0.00,0.00,255,255,1.00,0.00,1.00,0.00,0.00,0.00,0.00,0.00,5
0,2,12,9,1032,0,0,0,0,0,0,0,0,0,0,0,0,0,0,0,0,0,511,511,0.00,0.00,0.00,0.00,1.00,0.00,0.00,255,255,1.00,0.00,1.00,0.00,0.00,0.00,0.00,0.00,5
0,2,12,9,1032,0,0,0,0,0,0,0,0,0,0,0,0,0,0,0,0,0,511,511,0.00,0.00,0.00,0.00,1.00,0.00,0.00,255,255,1.00,0.00,1.00,0.00,0.00,0.00,0.00,0.00,5
0,2,12,9,1032,0,0,0,0,0,0,0,0,0,0,0,0,0,0,0,0,0,511,511,0.00,0.00,0.00,0.00,1.00,0.00,0.00,255,255,1.00,0.00,1.00,0.00,0.00,0.00,0.00,0.00,5
0,2,12,9,1032,0,0,0,0,0,0,0,0,0,0,0,0,0,0,0,0,0,511,511,0.00,0.00,0.00,0.00,1.00,0.00,0.00,255,255,1.00,0.00,1.00,0.00,0.00,0.00,0.00,0.00,5
0,2,12,9,1032,0,0,0,0,0,0,0,0,0,0,0,0,0,0,0,0,0,511,511,0.00,0.00,0.00,0.00,1.00,0.00,0.00,255,255,1.00,0.00,1.00,0.00,0.00,0.00,0.00,0.00,5
0,2,12,9,1032,0,0,0,0,0,0,0,0,0,0,0,0,0,0,0,0,0,511,511,0.00,0.00,0.00,0.00,1.00,0.00,0.00,255,255,1.00,0.00,1.00,0.00,0.00,0.00,0.00,0.00,5
0,2,12,9,1032,0,0,0,0,0,0,0,0,0,0,0,0,0,0,0,0,0,511,511,0.00,0.00,0.00,0.00,1.00,0.00,0.00,255,255,1.00,0.00,1.00,0.00,0.00,0.00,0.00,0.00,5
0,2,12,9,1032,0,0,0,0,0,0,0,0,0,0,0,0,0,0,0,0,0,511,511,0.00,0.00,0.00,0.00,1.00,0.00,0.00,255,255,1.00,0.00,1.00,0.00,0.00,0.00,0.00,0.00,5
0,2,12,9,1032,0,0,0,0,0,0,0,0,0,0,0,0,0,0,0,0,0,511,511,0.00,0.00,0.00,0.00,1.00,0.00,0.00,255,255,1.00,0.00,1.00,0.00,0.00,0.00,0.00,0.00,5
